timestamp,url,description
2023-12-26T00:35:56.655862+00:00,https://www.bing.com/search?form=&q=mozilla+firefox+download&form=QBLH&sp=-1&lq=0&pq=mozilla+firefox+download&sc=10-24&qs=n&sk=&cvid=4310A5E6B26643B68C7A27F33D766947&ghsh=0&ghacc=0&ghpl=,Search query: mozilla firefox download
2023-12-26T00:36:45.545369+00:00,https://www.bing.com/search?form=&q=mozilla+firefox+download&form=QBLH&sp=-1&lq=0&pq=mozilla+firefox+download&sc=10-24&qs=n&sk=&cvid=4310A5E6B26643B68C7A27F33D766947&ghsh=0&ghacc=0&ghpl=,Search query: mozilla firefox download
2023-12-26T00:36:45.545369+00:00,https://www.bing.com/search?form=&q=mozilla+firefox+download&form=QBLH&sp=-1&lq=0&pq=mozilla+firefox+download&sc=10-24&qs=n&sk=&cvid=4310A5E6B26643B68C7A27F33D766947&ghsh=0&ghacc=0&ghpl=,Search query: mozilla firefox download
2023-12-26T00:36:45.545369+00:00,https://www.bing.com/search?form=&q=mozilla+firefox+download&form=QBLH&sp=-1&lq=0&pq=mozilla+firefox+download&sc=10-24&qs=n&sk=&cvid=4310A5E6B26643B68C7A27F33D766947&ghsh=0&ghacc=0&ghpl=,Search query: mozilla firefox download
2023-12-26T00:36:46.499242+00:00,https://www.mozilla.org/en-US/firefox/new,
2023-12-26T00:36:46.499242+00:00,https://www.mozilla.org/en-US/firefox/new,
2023-12-26T00:36:46.499242+00:00,https://www.mozilla.org/en-US/firefox/new,
2023-12-26T00:45:45.817000+00:00,https://www.google.com/search?q=how+to+perform+sql+injection+attack&sca_esv=593660335&source=hp&ei=JCKKZa2nJpyQ4-EPxMC0gAc&iflsig=AO6bgOgAAAAAZYowNLiilF7qtRZRa87l8OG8Glw10jwB&ved=0ahUKEwitye3776uDAxUcyDgGHUQgDXAQ4dUDCAk&uact=5&oq=how+to+perform+sql+injection+attack&gs_lp=Egdnd3Mtd2l6IiNob3cgdG8gcGVyZm9ybSBzcWwgaW5qZWN0aW9uIGF0dGFjazIHEAAYgAQYEzIHEAAYgAQYEzIHEAAYgAQYEzIHEAAYgAQYEzIIEAAYFhgeGBMyCBAAGBYYHhgTMggQABgWGB4YEzIIEAAYFhgeGBMyCBAAGBYYHhgTMggQABgWGB4YE0i1ZVDZFVjRWHABeACQAQCYAewHoAH2Y6oBDzAuMS40LjQuMy4yLjguMbgBA8gBAPgBAagCCsICEBAAGAMYjwEY5QIY6gIYjAPCAhAQLhgDGI8BGOUCGOoCGIwDwgIFEAAYgATCAggQLhiABBjUAsICCBAAGIAEGLEDwgILEAAYgAQYsQMYgwHCAgUQLhiABMICBBAAGAPCAggQLhiABBixA8ICBhAAGBYYHsICCRAAGIAEGA0YEw&sclient=gws-wiz,Search query: how to perform sql injection attack
2023-12-26T00:45:45.817000+00:00,https://www.google.com/search?q=how+to+perform+sql+injection+attack&sca_esv=593660335&source=hp&ei=JCKKZa2nJpyQ4-EPxMC0gAc&iflsig=AO6bgOgAAAAAZYowNLiilF7qtRZRa87l8OG8Glw10jwB&ved=0ahUKEwitye3776uDAxUcyDgGHUQgDXAQ4dUDCAk&uact=5&oq=how+to+perform+sql+injection+attack&gs_lp=Egdnd3Mtd2l6IiNob3cgdG8gcGVyZm9ybSBzcWwgaW5qZWN0aW9uIGF0dGFjazIHEAAYgAQYEzIHEAAYgAQYEzIHEAAYgAQYEzIHEAAYgAQYEzIIEAAYFhgeGBMyCBAAGBYYHhgTMggQABgWGB4YEzIIEAAYFhgeGBMyCBAAGBYYHhgTMggQABgWGB4YE0i1ZVDZFVjRWHABeACQAQCYAewHoAH2Y6oBDzAuMS40LjQuMy4yLjguMbgBA8gBAPgBAagCCsICEBAAGAMYjwEY5QIY6gIYjAPCAhAQLhgDGI8BGOUCGOoCGIwDwgIFEAAYgATCAggQLhiABBjUAsICCBAAGIAEGLEDwgILEAAYgAQYsQMYgwHCAgUQLhiABMICBBAAGAPCAggQLhiABBixA8ICBhAAGBYYHsICCRAAGIAEGA0YEw&sclient=gws-wiz,Search query: how to perform sql injection attack
