timestamp,cookie_name,cookie_domain,message
2023-12-26T00:34:59.389128+00:00,MUID,https://msn.com/,https://msn.com/ (MUID) Flags: [HTTP only] = False [Persistent] = True
2023-12-26T00:34:59.389128+00:00,MUID,https://msn.com/,https://msn.com/ (MUID) Flags: [HTTP only] = False [Persistent] = True
2023-12-26T00:34:59.390624+00:00,MUIDB,http://ntp.msn.com/,http://ntp.msn.com/ (MUIDB) Flags: [HTTP only] = True [Persistent] = True
2023-12-26T00:34:59.390624+00:00,MUIDB,http://ntp.msn.com/,http://ntp.msn.com/ (MUIDB) Flags: [HTTP only] = True [Persistent] = True
2023-12-26T00:34:59.391080+00:00,_EDGE_V,http://msn.com/,http://msn.com/ (_EDGE_V) Flags: [HTTP only] = True [Persistent] = True
2023-12-26T00:34:59.391080+00:00,_EDGE_V,http://msn.com/,http://msn.com/ (_EDGE_V) Flags: [HTTP only] = True [Persistent] = True
2023-12-26T00:35:30.494434+00:00,MUIDB,http://assets.msn.com/,http://assets.msn.com/ (MUIDB) Flags: [HTTP only] = True [Persistent] = True
2023-12-26T00:35:33.116819+00:00,bcookie,https://linkedin.com/,https://linkedin.com/ (bcookie) Flags: [HTTP only] = False [Persistent] = True
2023-12-26T00:35:33.116819+00:00,bcookie,https://linkedin.com/,https://linkedin.com/ (bcookie) Flags: [HTTP only] = False [Persistent] = True
2023-12-26T00:35:33.117167+00:00,lidc,https://linkedin.com/,https://linkedin.com/ (lidc) Flags: [HTTP only] = False [Persistent] = True
2023-12-26T00:35:33.117167+00:00,lidc,https://linkedin.com/,https://linkedin.com/ (lidc) Flags: [HTTP only] = False [Persistent] = True
2023-12-26T00:35:33.922153+00:00,MUID,https://bing.com/,https://bing.com/ (MUID) Flags: [HTTP only] = False [Persistent] = True
2023-12-26T00:35:33.922272+00:00,MUIDB,http://bing.com/,http://bing.com/ (MUIDB) Flags: [HTTP only] = True [Persistent] = True
2023-12-26T00:35:33.922272+00:00,MUIDB,http://bing.com/,http://bing.com/ (MUIDB) Flags: [HTTP only] = True [Persistent] = True
2023-12-26T00:35:33.922355+00:00,_EDGE_V,http://bing.com/,http://bing.com/ (_EDGE_V) Flags: [HTTP only] = True [Persistent] = True
2023-12-26T00:35:34.145351+00:00,MUIDB,http://www.bing.com/,http://www.bing.com/ (MUIDB) Flags: [HTTP only] = True [Persistent] = True
2023-12-26T00:35:34.146341+00:00,USRLOC,https://bing.com/,https://bing.com/ (USRLOC) Flags: [HTTP only] = True [Persistent] = True
2023-12-26T00:35:34.147751+00:00,SRCHD,https://bing.com/,https://bing.com/ (SRCHD) Flags: [HTTP only] = False [Persistent] = True
2023-12-26T00:35:34.148155+00:00,SRCHUID,https://bing.com/,https://bing.com/ (SRCHUID) Flags: [HTTP only] = False [Persistent] = True
2023-12-26T00:35:49.511108+00:00,_UR,https://bing.com/,https://bing.com/ (_UR) Flags: [HTTP only] = False [Persistent] = True
2023-12-26T00:35:50.270891+00:00,_HPVN,https://bing.com/,https://bing.com/ (_HPVN) Flags: [HTTP only] = False [Persistent] = True
2023-12-26T00:36:10.308902+00:00,SRCHUSR,https://bing.com/,https://bing.com/ (SRCHUSR) Flags: [HTTP only] = False [Persistent] = True
2023-12-26T00:36:11.303413+00:00,buid,https://login.microsoftonline.com/,https://login.microsoftonline.com/ (buid) Flags: [HTTP only] = True [Persistent] = True
2023-12-26T00:36:11.303413+00:00,buid,https://login.microsoftonline.com/,https://login.microsoftonline.com/ (buid) Flags: [HTTP only] = True [Persistent] = True
2023-12-26T00:36:11.304647+00:00,fpc,https://login.microsoftonline.com/,https://login.microsoftonline.com/ (fpc) Flags: [HTTP only] = True [Persistent] = True
2023-12-26T00:36:11.304647+00:00,fpc,https://login.microsoftonline.com/,https://login.microsoftonline.com/ (fpc) Flags: [HTTP only] = True [Persistent] = True
2023-12-26T00:36:11.863438+00:00,_RwBf,https://bing.com/,https://bing.com/ (_RwBf) Flags: [HTTP only] = False [Persistent] = True
2023-12-26T00:36:12.881386+00:00,msaoptout,http://ntp.msn.com/,http://ntp.msn.com/ (msaoptout) Flags: [HTTP only] = False [Persistent] = True
2023-12-26T00:36:32.554632+00:00,_SS,http://msn.com/,http://msn.com/ (_SS) Flags: [HTTP only] = False [Persistent] = True
2023-12-26T00:36:32.554632+00:00,_SS,http://msn.com/,http://msn.com/ (_SS) Flags: [HTTP only] = False [Persistent] = True
2023-12-26T00:36:33.736241+00:00,MUIDB,http://www2.bing.com/,http://www2.bing.com/ (MUIDB) Flags: [HTTP only] = True [Persistent] = True
2023-12-26T00:36:33.736241+00:00,MUIDB,http://www2.bing.com/,http://www2.bing.com/ (MUIDB) Flags: [HTTP only] = True [Persistent] = True
2023-12-26T00:36:34.229722+00:00,_EDGE_V,http://msn.com/,http://msn.com/ (_EDGE_V) Flags: [HTTP only] = True [Persistent] = True
2023-12-26T00:36:34.229722+00:00,MUIDB,http://ntp.msn.com/,http://ntp.msn.com/ (MUIDB) Flags: [HTTP only] = True [Persistent] = True
2023-12-26T00:36:34.671378+00:00,uuid2,https://adnxs.com/,https://adnxs.com/ (uuid2) Flags: [HTTP only] = True [Persistent] = True
2023-12-26T00:36:43.738097+00:00,__mguid_,https://mediago.io/,https://mediago.io/ (__mguid_) Flags: [HTTP only] = False [Persistent] = True
2023-12-26T00:36:43.738097+00:00,__mguid_,https://mediago.io/,https://mediago.io/ (__mguid_) Flags: [HTTP only] = False [Persistent] = True
2023-12-26T00:36:43.738097+00:00,__mguid_,https://mediago.io/,https://mediago.io/ (__mguid_) Flags: [HTTP only] = False [Persistent] = True
2023-12-26T00:36:43.738097+00:00,__mguid_,https://mediago.io/,https://mediago.io/ (__mguid_) Flags: [HTTP only] = False [Persistent] = True
2023-12-26T00:36:45.132315+00:00,MSPTC,https://bing.com/,https://bing.com/ (MSPTC) Flags: [HTTP only] = False [Persistent] = True
2023-12-26T00:36:45.132315+00:00,MSPTC,https://bing.com/,https://bing.com/ (MSPTC) Flags: [HTTP only] = False [Persistent] = True
2023-12-26T00:36:45.132315+00:00,MSPTC,https://bing.com/,https://bing.com/ (MSPTC) Flags: [HTTP only] = False [Persistent] = True
2023-12-26T00:36:51.390134+00:00,__mguid_,https://popin.cc/,https://popin.cc/ (__mguid_) Flags: [HTTP only] = False [Persistent] = True
2023-12-26T00:36:51.390134+00:00,__mguid_,https://popin.cc/,https://popin.cc/ (__mguid_) Flags: [HTTP only] = False [Persistent] = True
2023-12-26T00:36:51.390134+00:00,__mguid_,https://popin.cc/,https://popin.cc/ (__mguid_) Flags: [HTTP only] = False [Persistent] = True
2023-12-26T00:36:51.390134+00:00,__mguid_,https://popin.cc/,https://popin.cc/ (__mguid_) Flags: [HTTP only] = False [Persistent] = True
2023-12-26T00:36:51.390134+00:00,__mguid_,https://popin.cc/,https://popin.cc/ (__mguid_) Flags: [HTTP only] = False [Persistent] = True
2023-12-26T00:36:51.390134+00:00,__mguid_,https://popin.cc/,https://popin.cc/ (__mguid_) Flags: [HTTP only] = False [Persistent] = True
2023-12-26T00:36:55.748995+00:00,_gid,http://mozilla.org/,http://mozilla.org/ (_gid) Flags: [HTTP only] = False [Persistent] = True
2023-12-26T00:36:55.748995+00:00,_gid,http://mozilla.org/,http://mozilla.org/ (_gid) Flags: [HTTP only] = False [Persistent] = True
2023-12-26T00:36:55.748995+00:00,_gid,http://mozilla.org/,http://mozilla.org/ (_gid) Flags: [HTTP only] = False [Persistent] = True
2023-12-26T00:36:56.436387+00:00,moz-stub-attribution-code,http://www.mozilla.org/,http://www.mozilla.org/ (moz-stub-attribution-code) Flags: [HTTP only] = False [Persistent] = True
2023-12-26T00:36:56.436387+00:00,moz-stub-attribution-code,http://www.mozilla.org/,http://www.mozilla.org/ (moz-stub-attribution-code) Flags: [HTTP only] = False [Persistent] = True
2023-12-26T00:36:56.436387+00:00,moz-stub-attribution-code,http://www.mozilla.org/,http://www.mozilla.org/ (moz-stub-attribution-code) Flags: [HTTP only] = False [Persistent] = True
2023-12-26T00:36:56.441802+00:00,moz-stub-attribution-sig,http://www.mozilla.org/,http://www.mozilla.org/ (moz-stub-attribution-sig) Flags: [HTTP only] = False [Persistent] = True
2023-12-26T00:36:56.441802+00:00,moz-stub-attribution-sig,http://www.mozilla.org/,http://www.mozilla.org/ (moz-stub-attribution-sig) Flags: [HTTP only] = False [Persistent] = True
2023-12-26T00:36:56.441802+00:00,moz-stub-attribution-sig,http://www.mozilla.org/,http://www.mozilla.org/ (moz-stub-attribution-sig) Flags: [HTTP only] = False [Persistent] = True
2023-12-26T00:37:03.659550+00:00,_ga,http://mozilla.org/,http://mozilla.org/ (_ga) Flags: [HTTP only] = False [Persistent] = True
2023-12-26T00:37:03.659550+00:00,_ga,http://mozilla.org/,http://mozilla.org/ (_ga) Flags: [HTTP only] = False [Persistent] = True
2023-12-26T00:37:03.659550+00:00,_ga,http://mozilla.org/,http://mozilla.org/ (_ga) Flags: [HTTP only] = False [Persistent] = True
2023-12-26T00:37:03.746367+00:00,_ga,http://mozilla.org/,http://mozilla.org/ (_ga) Flags: [HTTP only] = False [Persistent] = True
2023-12-26T00:37:03.746367+00:00,_ga,http://mozilla.org/,http://mozilla.org/ (_ga) Flags: [HTTP only] = False [Persistent] = True
2023-12-26T00:37:03.746367+00:00,_ga,http://mozilla.org/,http://mozilla.org/ (_ga) Flags: [HTTP only] = False [Persistent] = True
2023-12-26T00:37:03.764430+00:00,_gid,http://mozilla.org/,http://mozilla.org/ (_gid) Flags: [HTTP only] = False [Persistent] = True
2023-12-26T00:37:03.764430+00:00,_gid,http://mozilla.org/,http://mozilla.org/ (_gid) Flags: [HTTP only] = False [Persistent] = True
2023-12-26T00:37:03.764430+00:00,_gid,http://mozilla.org/,http://mozilla.org/ (_gid) Flags: [HTTP only] = False [Persistent] = True
2023-12-26T00:37:04.929084+00:00,anj,https://adnxs.com/,https://adnxs.com/ (anj) Flags: [HTTP only] = True [Persistent] = True
2023-12-26T00:37:04.929084+00:00,anj,https://adnxs.com/,https://adnxs.com/ (anj) Flags: [HTTP only] = True [Persistent] = True
2023-12-26T00:37:04.929084+00:00,anj,https://adnxs.com/,https://adnxs.com/ (anj) Flags: [HTTP only] = True [Persistent] = True
2023-12-26T00:37:04.929084+00:00,anj,https://adnxs.com/,https://adnxs.com/ (anj) Flags: [HTTP only] = True [Persistent] = True
2023-12-26T00:37:04.929084+00:00,anj,https://adnxs.com/,https://adnxs.com/ (anj) Flags: [HTTP only] = True [Persistent] = True
2023-12-26T00:37:04.929084+00:00,anj,https://adnxs.com/,https://adnxs.com/ (anj) Flags: [HTTP only] = True [Persistent] = True
2023-12-26T00:37:04.929457+00:00,uuid2,https://adnxs.com/,https://adnxs.com/ (uuid2) Flags: [HTTP only] = True [Persistent] = True
2023-12-26T00:37:04.929457+00:00,uuid2,https://adnxs.com/,https://adnxs.com/ (uuid2) Flags: [HTTP only] = True [Persistent] = True
2023-12-26T00:37:04.929457+00:00,uuid2,https://adnxs.com/,https://adnxs.com/ (uuid2) Flags: [HTTP only] = True [Persistent] = True
2023-12-26T00:37:12.939767+00:00,pglt-edgeChromium-ntp,http://msn.com/edge,http://msn.com/edge (pglt-edgeChromium-ntp) Flags: [HTTP only] = False [Persistent] = True
2023-12-26T00:37:12.939767+00:00,msaoptout,http://ntp.msn.com/,http://ntp.msn.com/ (msaoptout) Flags: [HTTP only] = False [Persistent] = True
2023-12-26T00:37:12.939767+00:00,MUID,https://msn.com/,https://msn.com/ (MUID) Flags: [HTTP only] = False [Persistent] = True
2023-12-26T00:37:12.939767+00:00,MicrosoftApplicationsTelemetryDeviceId,https://ntp.msn.com/,https://ntp.msn.com/ (MicrosoftApplicationsTelemetryDeviceId) Flags: [HTTP only] = False [Persistent] = True
2023-12-26T00:37:12.976691+00:00,SRCHUSR,https://bing.com/,https://bing.com/ (SRCHUSR) Flags: [HTTP only] = False [Persistent] = True
2023-12-26T00:37:12.976691+00:00,_RwBf,https://bing.com/,https://bing.com/ (_RwBf) Flags: [HTTP only] = False [Persistent] = True
2023-12-26T00:37:42.641180+00:00,_gali,http://mozilla.org/,http://mozilla.org/ (_gali) Flags: [HTTP only] = False [Persistent] = True
2023-12-26T00:37:42.641180+00:00,_gali,http://mozilla.org/,http://mozilla.org/ (_gali) Flags: [HTTP only] = False [Persistent] = True
2023-12-26T00:37:57.880409+00:00,moz-stub-attribution-code,http://www.mozilla.org/,http://www.mozilla.org/ (moz-stub-attribution-code) Flags: [HTTP only] = False [Persistent] = True
2023-12-26T00:37:57.880409+00:00,moz-stub-attribution-sig,http://www.mozilla.org/,http://www.mozilla.org/ (moz-stub-attribution-sig) Flags: [HTTP only] = False [Persistent] = True
2023-12-26T00:37:57.961358+00:00,_ga_MQ7767QQQW,http://mozilla.org/,http://mozilla.org/ (_ga_MQ7767QQQW) Flags: [HTTP only] = False [Persistent] = True
2023-12-26T00:37:57.961358+00:00,_ga_MQ7767QQQW,http://mozilla.org/,http://mozilla.org/ (_ga_MQ7767QQQW) Flags: [HTTP only] = False [Persistent] = True
2023-12-26T00:37:58.718196+00:00,_EDGE_V,http://bing.com/,http://bing.com/ (_EDGE_V) Flags: [HTTP only] = True [Persistent] = True
2023-12-26T00:37:58.718196+00:00,MUIDB,http://www.bing.com/,http://www.bing.com/ (MUIDB) Flags: [HTTP only] = True [Persistent] = True
2023-12-26T00:37:58.718196+00:00,MSPTC,https://bing.com/,https://bing.com/ (MSPTC) Flags: [HTTP only] = False [Persistent] = True
2023-12-26T00:37:58.718196+00:00,SRCHD,https://bing.com/,https://bing.com/ (SRCHD) Flags: [HTTP only] = False [Persistent] = True
2023-12-26T00:37:58.718196+00:00,SRCHHPGUSR,https://bing.com/,https://bing.com/ (SRCHHPGUSR) Flags: [HTTP only] = False [Persistent] = True
2023-12-26T00:37:58.718196+00:00,SRCHUID,https://bing.com/,https://bing.com/ (SRCHUID) Flags: [HTTP only] = False [Persistent] = True
2023-12-26T00:37:58.718196+00:00,USRLOC,https://bing.com/,https://bing.com/ (USRLOC) Flags: [HTTP only] = True [Persistent] = True
2023-12-26T00:37:58.718196+00:00,_HPVN,https://bing.com/,https://bing.com/ (_HPVN) Flags: [HTTP only] = False [Persistent] = True
2023-12-26T00:37:58.718196+00:00,_UR,https://bing.com/,https://bing.com/ (_UR) Flags: [HTTP only] = False [Persistent] = True
2023-12-26T00:38:44.486862+00:00,_C_Auth,http://api.msn.com/auth/cookie,http://api.msn.com/auth/cookie (_C_Auth) Flags: [HTTP only] = False [Persistent] = False
2023-12-26T00:38:44.486862+00:00,_C_Auth,http://api.msn.com/auth/cookie,http://api.msn.com/auth/cookie (_C_Auth) Flags: [HTTP only] = False [Persistent] = False
2023-12-26T00:38:44.487442+00:00,MUIDB,http://api.msn.com/,http://api.msn.com/ (MUIDB) Flags: [HTTP only] = True [Persistent] = True
2023-12-26T00:38:44.487442+00:00,MUIDB,http://api.msn.com/,http://api.msn.com/ (MUIDB) Flags: [HTTP only] = True [Persistent] = True
2023-12-26T00:38:44.506020+00:00,MicrosoftApplicationsTelemetryDeviceId,https://windows.msn.com/,https://windows.msn.com/ (MicrosoftApplicationsTelemetryDeviceId) Flags: [HTTP only] = False [Persistent] = True
2023-12-26T00:38:45.483983+00:00,MUIDB,http://assets.msn.com/,http://assets.msn.com/ (MUIDB) Flags: [HTTP only] = True [Persistent] = True
2023-12-26T00:38:47.981145+00:00,_C_ETH,https://msn.com/,https://msn.com/ (_C_ETH) Flags: [HTTP only] = True [Persistent] = False
2023-12-26T00:38:47.981145+00:00,_C_ETH,https://msn.com/,https://msn.com/ (_C_ETH) Flags: [HTTP only] = True [Persistent] = False
2023-12-26T00:38:47.982268+00:00,_C_Auth,http://assets.msn.com/service/news/feed/pages,http://assets.msn.com/service/news/feed/pages (_C_Auth) Flags: [HTTP only] = False [Persistent] = False
2023-12-26T00:38:47.982268+00:00,_C_Auth,http://assets.msn.com/service/news/feed/pages,http://assets.msn.com/service/news/feed/pages (_C_Auth) Flags: [HTTP only] = False [Persistent] = False
2023-12-26T00:45:24.695000+00:00,1P_JAR,https://google.com/,https://google.com/ (1P_JAR) Flags: [HTTP only]: False
2023-12-26T00:45:24.695000+00:00,AEC,https://google.com/,https://google.com/ (AEC) Flags: [HTTP only]: True
2023-12-26T00:45:24.695000+00:00,1P_JAR,https://google.com/,https://google.com/ (1P_JAR) Flags: [HTTP only]: False
2023-12-26T00:45:24.695000+00:00,AEC,https://google.com/,https://google.com/ (AEC) Flags: [HTTP only]: True
2023-12-26T00:45:24.695001+00:00,AEC,https://google.com/,https://google.com/ (AEC) Flags: [HTTP only]: True
2023-12-26T00:45:24.695001+00:00,AEC,https://google.com/,https://google.com/ (AEC) Flags: [HTTP only]: True
2023-12-26T00:45:24.695002+00:00,NID,https://google.com/,https://google.com/ (NID) Flags: [HTTP only]: True
2023-12-26T00:45:24.695002+00:00,NID,https://google.com/,https://google.com/ (NID) Flags: [HTTP only]: True
2023-12-26T00:45:39.766000+00:00,OGPC,http://google.com/,http://google.com/ (OGPC) Flags: [HTTP only]: False
2023-12-26T00:45:39.766000+00:00,OGPC,http://google.com/,http://google.com/ (OGPC) Flags: [HTTP only]: False
2023-12-26T00:45:39.766000+00:00,OGPC,http://google.com/,http://google.com/ (OGPC) Flags: [HTTP only]: False
2023-12-26T00:45:39.766000+00:00,OGPC,http://google.com/,http://google.com/ (OGPC) Flags: [HTTP only]: False
2023-12-26T00:45:39.766000+00:00,OGPC,http://google.com/,http://google.com/ (OGPC) Flags: [HTTP only]: False
2023-12-26T00:45:39.766000+00:00,OGPC,http://google.com/,http://google.com/ (OGPC) Flags: [HTTP only]: False
2023-12-26T00:45:39.766000+00:00,OGPC,http://google.com/,http://google.com/ (OGPC) Flags: [HTTP only]: False
2023-12-26T00:45:39.766000+00:00,OGPC,http://google.com/,http://google.com/ (OGPC) Flags: [HTTP only]: False
2023-12-26T00:45:44.869000+00:00,OTZ,https://ogs.google.com/,https://ogs.google.com/ (OTZ) Flags: [HTTP only]: False
2023-12-26T00:45:44.869000+00:00,OTZ,https://ogs.google.com/,https://ogs.google.com/ (OTZ) Flags: [HTTP only]: False
2023-12-26T00:45:44.869000+00:00,OTZ,https://ogs.google.com/,https://ogs.google.com/ (OTZ) Flags: [HTTP only]: False
2023-12-26T00:45:44.869000+00:00,OTZ,https://ogs.google.com/,https://ogs.google.com/ (OTZ) Flags: [HTTP only]: False
2023-12-26T00:45:48.610000+00:00,NID,https://google.com/,https://google.com/ (NID) Flags: [HTTP only]: True
2023-12-26T00:45:48.610000+00:00,SNID,https://google.com/verify,https://google.com/verify (SNID) Flags: [HTTP only]: True
2023-12-26T00:45:48.610000+00:00,NID,https://google.com/,https://google.com/ (NID) Flags: [HTTP only]: True
2023-12-26T00:45:48.610000+00:00,SNID,https://google.com/verify,https://google.com/verify (SNID) Flags: [HTTP only]: True
2023-12-26T00:45:48.610000+00:00,NID,https://google.com/,https://google.com/ (NID) Flags: [HTTP only]: True
2023-12-26T00:45:48.610000+00:00,SNID,https://google.com/verify,https://google.com/verify (SNID) Flags: [HTTP only]: True
2023-12-26T00:45:48.610000+00:00,NID,https://google.com/,https://google.com/ (NID) Flags: [HTTP only]: True
2023-12-26T00:45:48.610000+00:00,SNID,https://google.com/verify,https://google.com/verify (SNID) Flags: [HTTP only]: True
2023-12-26T00:45:48.610010+00:00,SNID,https://google.com/verify,https://google.com/verify (SNID) Flags: [HTTP only]: True
2023-12-26T00:45:48.610010+00:00,SNID,https://google.com/verify,https://google.com/verify (SNID) Flags: [HTTP only]: True
2023-12-26T00:45:48.610010+00:00,SNID,https://google.com/verify,https://google.com/verify (SNID) Flags: [HTTP only]: True
2023-12-26T00:45:48.610010+00:00,SNID,https://google.com/verify,https://google.com/verify (SNID) Flags: [HTTP only]: True
2023-12-26T00:45:57.336000+00:00,DV,http://www.google.com/,http://www.google.com/ (DV) Flags: [HTTP only]: False
2023-12-26T00:45:57.336000+00:00,DV,http://www.google.com/,http://www.google.com/ (DV) Flags: [HTTP only]: False
2023-12-26T00:45:57.336000+00:00,DV,http://www.google.com/,http://www.google.com/ (DV) Flags: [HTTP only]: False
2023-12-26T00:45:57.336000+00:00,DV,http://www.google.com/,http://www.google.com/ (DV) Flags: [HTTP only]: False
2023-12-26T00:45:57.336000+00:00,DV,http://www.google.com/,http://www.google.com/ (DV) Flags: [HTTP only]: False
2023-12-26T00:45:57.336000+00:00,DV,http://www.google.com/,http://www.google.com/ (DV) Flags: [HTTP only]: False
2023-12-26T00:45:57.336000+00:00,DV,http://www.google.com/,http://www.google.com/ (DV) Flags: [HTTP only]: False
2023-12-26T00:45:57.336000+00:00,DV,http://www.google.com/,http://www.google.com/ (DV) Flags: [HTTP only]: False
2023-12-26T00:46:04.133000+00:00,1P_JAR,https://google.com/,https://google.com/ (1P_JAR) Flags: [HTTP only]: False
2023-12-26T00:46:04.133000+00:00,1P_JAR,https://google.com/,https://google.com/ (1P_JAR) Flags: [HTTP only]: False
2023-12-26T00:46:04.133000+00:00,1P_JAR,https://google.com/,https://google.com/ (1P_JAR) Flags: [HTTP only]: False
2023-12-26T00:46:04.133000+00:00,1P_JAR,https://google.com/,https://google.com/ (1P_JAR) Flags: [HTTP only]: False
2023-12-26T00:46:04.332000+00:00,ANID,https://google.com/,https://google.com/ (ANID) Flags: [HTTP only]: True
2023-12-26T00:46:04.332000+00:00,ANID,https://google.com/,https://google.com/ (ANID) Flags: [HTTP only]: True
2023-12-26T00:46:04.332000+00:00,ANID,https://google.com/,https://google.com/ (ANID) Flags: [HTTP only]: True
2023-12-26T00:46:04.332000+00:00,ANID,https://google.com/,https://google.com/ (ANID) Flags: [HTTP only]: True
2023-12-26T00:46:04.332000+00:00,ANID,https://google.com/,https://google.com/ (ANID) Flags: [HTTP only]: True
2023-12-26T00:46:04.332000+00:00,ANID,https://google.com/,https://google.com/ (ANID) Flags: [HTTP only]: True
2023-12-26T00:46:04.332000+00:00,ANID,https://google.com/,https://google.com/ (ANID) Flags: [HTTP only]: True
2023-12-26T00:46:04.332000+00:00,ANID,https://google.com/,https://google.com/ (ANID) Flags: [HTTP only]: True
2023-12-26T00:46:16.970000+00:00,_ga,http://w3schools.com/,http://w3schools.com/ (_ga) Flags: [HTTP only]: False
2023-12-26T00:46:16.970000+00:00,_ga_9YNMTB56NB,http://w3schools.com/,http://w3schools.com/ (_ga_9YNMTB56NB) Flags: [HTTP only]: False
2023-12-26T00:46:16.970000+00:00,_ga,http://w3schools.com/,http://w3schools.com/ (_ga) Flags: [HTTP only]: False
2023-12-26T00:46:16.970000+00:00,_ga_9YNMTB56NB,http://w3schools.com/,http://w3schools.com/ (_ga_9YNMTB56NB) Flags: [HTTP only]: False
2023-12-26T00:46:16.970002+00:00,_ga,http://w3schools.com/,http://w3schools.com/ (_ga) Flags: [HTTP only]: False
2023-12-26T00:46:16.970002+00:00,_ga,http://w3schools.com/,http://w3schools.com/ (_ga) Flags: [HTTP only]: False
2023-12-26T00:46:17.220000+00:00,_pbjs_userid_consent_data,http://www.w3schools.com/,http://www.w3schools.com/ (_pbjs_userid_consent_data) Flags: [HTTP only]: False
2023-12-26T00:46:17.220000+00:00,_pbjs_userid_consent_data,http://www.w3schools.com/,http://www.w3schools.com/ (_pbjs_userid_consent_data) Flags: [HTTP only]: False
2023-12-26T00:46:17.220000+00:00,_pbjs_userid_consent_data,http://www.w3schools.com/,http://www.w3schools.com/ (_pbjs_userid_consent_data) Flags: [HTTP only]: False
2023-12-26T00:46:17.220000+00:00,_pbjs_userid_consent_data,http://www.w3schools.com/,http://www.w3schools.com/ (_pbjs_userid_consent_data) Flags: [HTTP only]: False
2023-12-26T00:46:17.240000+00:00,_lr_retry_request,http://www.w3schools.com/,http://www.w3schools.com/ (_lr_retry_request) Flags: [HTTP only]: False
2023-12-26T00:46:17.240000+00:00,_lr_retry_request,http://www.w3schools.com/,http://www.w3schools.com/ (_lr_retry_request) Flags: [HTTP only]: False
2023-12-26T00:46:17.240000+00:00,_lr_retry_request,http://www.w3schools.com/,http://www.w3schools.com/ (_lr_retry_request) Flags: [HTTP only]: False
2023-12-26T00:46:17.240000+00:00,_lr_retry_request,http://www.w3schools.com/,http://www.w3schools.com/ (_lr_retry_request) Flags: [HTTP only]: False
2023-12-26T00:46:17.260030+00:00,_sharedID,http://w3schools.com/,http://w3schools.com/ (_sharedID) Flags: [HTTP only]: False
2023-12-26T00:46:17.260030+00:00,_sharedID,http://w3schools.com/,http://w3schools.com/ (_sharedID) Flags: [HTTP only]: False
2023-12-26T00:46:17.260040+00:00,_sharedID_last,http://w3schools.com/,http://w3schools.com/ (_sharedID_last) Flags: [HTTP only]: False
2023-12-26T00:46:17.260040+00:00,_sharedID_last,http://w3schools.com/,http://w3schools.com/ (_sharedID_last) Flags: [HTTP only]: False
2023-12-26T00:46:17.427000+00:00,_lr_env_src_ats,http://www.w3schools.com/,http://www.w3schools.com/ (_lr_env_src_ats) Flags: [HTTP only]: False
2023-12-26T00:46:17.427000+00:00,_lr_env_src_ats,http://www.w3schools.com/,http://www.w3schools.com/ (_lr_env_src_ats) Flags: [HTTP only]: False
2023-12-26T00:46:17.427000+00:00,_lr_env_src_ats,http://www.w3schools.com/,http://www.w3schools.com/ (_lr_env_src_ats) Flags: [HTTP only]: False
2023-12-26T00:46:17.427000+00:00,_lr_env_src_ats,http://www.w3schools.com/,http://www.w3schools.com/ (_lr_env_src_ats) Flags: [HTTP only]: False
2023-12-26T00:46:17.921000+00:00,_sharedID,http://w3schools.com/,http://w3schools.com/ (_sharedID) Flags: [HTTP only]: False
2023-12-26T00:46:17.921000+00:00,_sharedID_last,http://w3schools.com/,http://w3schools.com/ (_sharedID_last) Flags: [HTTP only]: False
2023-12-26T00:46:17.921000+00:00,_sharedID,http://w3schools.com/,http://w3schools.com/ (_sharedID) Flags: [HTTP only]: False
2023-12-26T00:46:17.921000+00:00,_sharedID_last,http://w3schools.com/,http://w3schools.com/ (_sharedID_last) Flags: [HTTP only]: False
2023-12-26T00:48:03.847000+00:00,_ga_9YNMTB56NB,http://w3schools.com/,http://w3schools.com/ (_ga_9YNMTB56NB) Flags: [HTTP only]: False
2023-12-26T00:48:03.847000+00:00,_ga_9YNMTB56NB,http://w3schools.com/,http://w3schools.com/ (_ga_9YNMTB56NB) Flags: [HTTP only]: False
